Date,Year and Quarter,GDP in Millions
1977-12-31,1977 Q4,229115.0
2025-01-31,,576156.9748333589
2010-11-30,,472474.3333333333
1966-03-31,1966 Q1,169749.0
1979-03-31,1979 Q1,238472.0
1972-12-31,1972 Q4,213318.0
2008-12-31,2008 Q4,469694.0
1956-11-30,,125084.0
1977-04-30,,224846.3333333333
1997-12-31,1997 Q4,371341.0
1993-02-28,,316357.0
1985-01-31,,262460.3333333333
1991-09-30,1991 Q3,311624.0
1962-01-31,,146687.0
1965-10-31,,168783.33333333334
1999-02-28,,381911.0
1974-01-31,,219218.0
2019-01-31,,552465.6666666666
1990-10-31,,315212.0
1963-05-31,,153868.0
2023-05-31,,569059.6666666666
2023-03-31,2023 Q1,569027.0
1959-06-30,1959 Q2,132823.0
1992-04-30,,311742.0
1988-01-31,,300469.3333333333
1967-02-28,,172142.0
1997-09-30,1997 Q3,365942.0
1991-04-30,,312475.6666666667
1979-09-30,1979 Q3,243369.0
1977-08-31,,224801.66666666663
1992-10-31,,313699.6666666667
1966-07-31,,170931.0
2025-04-30,,610202.7714723217
1967-08-31,,175785.33333333334
2020-10-31,,509939.0
1963-10-31,,157901.66666666666
2001-05-31,,414270.0
1961-07-31,,147240.33333333334
1980-11-30,,236721.3333333333
1996-08-31,,347135.6666666667
1980-04-30,,241916.0
2005-06-30,2005 Q2,457557.0
1963-08-31,,156486.33333333334
1975-03-31,1975 Q1,216390.0
1977-02-28,,225317.3333333333
2017-05-31,,538868.6666666666
2020-12-31,2020 Q4,514531.0
1961-03-31,1961 Q1,146876.0
1981-02-28,,235763.3333333333
2025-07-31,,617249.6413328967
1956-08-31,,124646.33333333331
2005-12-31,2005 Q4,465451.0
2006-10-31,,471736.0
1970-02-28,,189145.0
1979-04-30,,241937.0
1982-09-30,1982 Q3,242639.0
1980-08-31,,238528.66666666663
1960-08-31,,142971.0
1957-10-31,,126965.66666666669
2025-07-31,,589541.2047114577
2016-04-30,,524792.0
2015-08-31,,518235.3333333333
1960-11-30,,144230.66666666666
1980-09-30,1980 Q3,238432.0
1981-11-30,,239036.0
2019-06-30,2019 Q2,556932.0
1960-06-30,1960 Q2,141565.0
2002-12-31,2002 Q4,427725.0
1981-03-31,1981 Q1,235712.0
1961-05-31,,147281.33333333334
1989-03-31,1989 Q1,313083.0
1993-03-31,1993 Q1,316882.0
1998-09-30,1998 Q3,377650.0
2014-06-30,2014 Q2,504939.0
2011-07-31,,474847.6666666667
1996-04-30,,344232.3333333333
2016-12-31,2016 Q4,532082.0
1998-06-30,1998 Q2,376421.0
1967-04-30,,173706.0
2025-03-31,,580584.2773969334
1982-05-31,,241256.0
2009-01-31,,466497.6666666667
1994-08-31,,331802.0
1978-06-30,1978 Q2,233910.0
1989-08-31,,315382.3333333333
2017-08-31,,542308.0
2021-12-31,2021 Q4,564407.0
1987-02-28,,283512.3333333333
2013-07-31,,490287.3333333333
2002-11-30,,426625.0
1961-09-30,1961 Q3,146753.0
1964-01-31,,160626.33333333334
1989-11-30,,315528.0
2008-08-31,,482376.6666666667
1963-12-31,1963 Q4,160273.0
1966-04-30,,170081.0
1978-10-31,,237800.0
2009-05-31,,459101.0
1998-04-30,,374831.6666666667
1966-01-31,,169584.33333333334
2014-07-31,,506206.3333333333
2017-11-30,,546068.6666666666
1958-11-30,,129794.33333333331
1987-12-31,1987 Q4,298855.0
1968-08-31,,185090.3333333333
1972-05-31,,207687.3333333333
2012-09-30,2012 Q3,484579.0
1973-05-31,,224068.66666666663
1956-12-31,1956 Q4,125329.0
2004-12-31,2004 Q4,450464.0
2012-03-31,2012 Q1,480632.0
1994-09-30,1994 Q3,332911.0
1983-03-31,1983 Q1,249032.0
1972-06-30,1972 Q2,209482.0
1955-07-31,,122578.0
1977-07-31,,224308.3333333333
1961-04-30,,147078.66666666666
1978-12-31,1978 Q4,239186.0
1985-08-31,,269753.6666666667
2019-12-31,2019 Q4,560861.0
2001-06-30,2001 Q2,414878.0
1985-06-30,1985 Q2,269787.0
1990-12-31,1990 Q4,314148.0
1984-05-31,,255961.0
2021-08-31,,552830.3333333334
1984-01-31,,256249.66666666663
1973-08-31,,222819.0
1985-10-31,,269790.0
1961-12-31,1961 Q4,146476.0
1984-07-31,,255725.0
1999-07-31,,386656.0
1974-11-30,,217373.0
1989-07-31,,315210.6666666667
1962-06-30,1962 Q2,148500.0
1996-03-31,1996 Q1,343859.0
2021-02-28,,511017.6666666667
2020-03-31,2020 Q1,545597.0
1973-12-31,1973 Q4,221266.0
2013-10-31,,494156.6666666667
1979-05-31,,245402.0
2008-07-31,,484881.3333333333
1975-09-30,1975 Q3,212192.0
1965-12-31,1965 Q4,169502.0
1967-12-31,1967 Q4,176978.0
1987-07-31,,290754.3333333333
1971-06-30,1971 Q2,199456.0
2002-08-31,,423479.0
1993-09-30,1993 Q3,321218.0
1964-12-31,1964 Q4,167430.0
1977-03-31,1977 Q1,225362.0
2006-05-31,,469050.0
2018-09-30,2018 Q3,550425.0
1975-11-30,,213787.3333333333
1993-11-30,,322672.6666666667
1994-05-31,,328584.3333333333
2005-02-28,,452677.3333333333
1976-11-30,,223681.0
1973-01-31,,216805.3333333333
2022-09-30,2022 Q3,567445.0
1976-06-30,1976 Q2,217883.0
2006-11-30,,472554.0
1990-06-30,1990 Q2,319239.0
2004-03-31,2004 Q1,443853.0
1998-02-28,,373138.3333333333
1990-01-31,,316049.0
2025-01-31,,603236.352650527
2001-04-30,,413662.0
1986-06-30,1986 Q2,275136.0
2001-11-30,,417991.6666666667
1982-08-31,,242457.66666666663
1986-08-31,,276287.3333333333
1992-07-31,,311910.6666666667
2017-07-31,,541164.0
1970-03-31,1970 Q1,188748.0
2013-09-30,2013 Q3,493002.0
1976-10-31,,222134.0
1987-10-31,,296613.6666666667
2021-09-30,2021 Q3,555956.0
2011-04-30,,474001.0
1966-05-31,,170413.0
2022-07-31,,567741.0
1965-06-30,1965 Q2,167074.0
2023-06-30,2023 Q2,569076.0
1968-04-30,,183223.0
2017-10-31,,544760.3333333334
2001-07-31,,415613.6666666667
1999-06-30,1999 Q2,384605.0
2007-09-30,2007 Q3,484544.0
1957-05-31,,127657.66666666669
1999-08-31,,388707.0
1978-09-30,1978 Q3,237107.0
2018-01-31,,547480.6666666666
1955-04-30,,121753.0
1992-06-30,1992 Q2,311418.0
1996-02-29,,343106.6666666667
1960-05-31,,141898.33333333334
1968-02-29,,181310.0
1983-05-31,,250184.66666666663
2014-10-31,,509938.6666666667
1958-04-30,,128928.0
1974-10-31,,218445.0
1970-07-31,,193871.66666666663
1959-05-31,,132119.66666666666
2018-04-30,,547992.0
1962-08-31,,149105.33333333334
1972-07-31,,209668.0
2008-04-30,,488984.0
1969-08-31,,188692.3333333333
2006-04-30,,468445.0
1979-01-31,,238948.0
1962-07-31,,148802.66666666666
1956-04-30,,124837.66666666669
2012-05-31,,480196.6666666667
2010-06-30,2010 Q2,469606.0
